timestamp,tier,variant,phase,harpoon_pid,harpoon_rss_kib,harpoon_cpu_pct,harpoon_threads,harpoon_fds,vm_pid,vm_rss_kib,vm_cpu_pct,vm_threads,vm_fds,combined_rss_kib
2026-08-26T04:47:31Z,512,before,idle-1,36750,14752,1.1,7,15,,,,,,14752
2026-08-26T04:47:38Z,512,before,idle-2,36750,14912,3.0,5,15,,,,,,14912
2026-08-26T04:47:45Z,512,before,idle-3,36750,14832,1.4,3,17,,,,,,14832
2026-08-26T04:47:51Z,512,before,idle-4,36750,14832,1.1,6,17,,,,,,14832
2026-08-26T04:47:58Z,512,before,idle-5,36750,14672,0.8,4,17,,,,,,14672
2026-08-26T04:48:05Z,512,before,idle-6,36750,14608,1.0,3,17,,,,,,14608
2026-08-26T04:49:12Z,512,before,mem-idle,36750,14448,1.3,5,17,,,,,,14448
2026-08-26T04:49:17Z,512,before,mem-load,36750,14752,1.4,4,17,,,,,,14752
2026-08-26T04:49:24Z,512,before,mem-hold10,36750,15104,1.1,11,17,,,,,,15104
2026-08-26T04:49:35Z,512,before,mem-hold30,36750,14784,0.8,4,17,,,,,,14784
2026-08-26T04:49:39Z,512,before,mem-release,36750,14864,1.6,6,17,,,,,,14864
2026-08-26T04:49:50Z,512,before,mem-after10,36750,14656,0.6,7,17,,,,,,14656
2026-08-26T04:50:12Z,512,before,mem-after30,36750,14736,0.3,6,17,,,,,,14736
2026-08-26T04:50:23Z,512,before,compose-up,36750,15456,2.2,11,19,,,,,,15456
2026-08-26T04:51:41Z,512,after,idle-1,39635,15008,1.5,6,17,,,,,,15008
2026-08-26T04:51:48Z,512,after,idle-2,39635,15056,1.1,4,17,,,,,,15056
2026-08-26T04:51:54Z,512,after,idle-3,39635,15136,1.0,4,17,,,,,,15136
2026-08-26T04:52:01Z,512,after,idle-4,39635,14976,0.8,6,17,,,,,,14976
2026-08-26T04:52:08Z,512,after,idle-5,39635,14704,0.7,5,17,,,,,,14704
2026-08-26T04:52:14Z,512,after,idle-6,39635,14832,1.2,4,17,,,,,,14832
2026-08-26T04:53:21Z,512,after,mem-idle,39635,14656,1.6,6,17,,,,,,14656
2026-08-26T04:53:27Z,512,after,mem-load,39635,14896,1.0,5,17,,,,,,14896
2026-08-26T04:53:33Z,512,after,mem-hold10,39635,14912,1.0,6,17,,,,,,14912
2026-08-26T04:53:45Z,512,after,mem-hold30,39635,14848,0.9,4,17,,,,,,14848
2026-08-26T04:53:49Z,512,after,mem-release,39635,14880,4.5,5,17,,,,,,14880
2026-08-26T04:54:00Z,512,after,mem-after10,39635,14864,1.0,6,17,,,,,,14864
2026-08-26T04:54:21Z,512,after,mem-after30,39635,14816,0.6,6,17,,,,,,14816
2026-08-26T04:54:32Z,512,after,compose-up,39635,15568,1.7,12,19,,,,,,15568
2026-08-26T04:55:50Z,768,before,idle-1,42433,14848,1.3,6,29,,,,,,14848
2026-08-26T04:55:57Z,768,before,idle-2,42433,14992,1.0,5,29,,,,,,14992
2026-08-26T04:56:04Z,768,before,idle-3,42433,14944,0.5,4,29,,,,,,14944
2026-08-26T04:56:11Z,768,before,idle-4,42433,14768,1.1,6,29,,,,,,14768
2026-08-26T04:56:17Z,768,before,idle-5,42433,14704,1.9,4,21,,,,,,14704
2026-08-26T04:56:24Z,768,before,idle-6,42433,14576,1.0,3,21,,,,,,14576
2026-08-26T04:57:31Z,768,before,mem-idle,42433,14400,0.9,5,21,,,,,,14400
2026-08-26T04:57:36Z,768,before,mem-load,42433,14768,1.3,5,21,,,,,,14768
2026-08-26T04:57:43Z,768,before,mem-hold10,42433,14784,0.7,7,21,,,,,,14784
2026-08-26T04:57:54Z,768,before,mem-hold30,42433,14656,0.9,7,21,,,,,,14656
2026-08-26T04:57:58Z,768,before,mem-release,42433,14736,1.2,5,21,,,,,,14736
2026-08-26T04:58:10Z,768,before,mem-after10,42433,14752,1.1,5,21,,,,,,14752
2026-08-26T04:58:31Z,768,before,mem-after30,42433,14736,0.7,6,21,,,,,,14736
2026-08-26T04:58:42Z,768,before,compose-up,42433,15200,1.9,8,23,,,,,,15200
2026-08-26T05:00:00Z,768,after,idle-1,45309,14672,1.4,7,17,,,,,,14672
2026-08-26T05:00:07Z,768,after,idle-2,45309,14528,0.9,5,17,,,,,,14528
2026-08-26T05:00:14Z,768,after,idle-3,45309,14640,1.3,5,17,,,,,,14640
2026-08-26T05:00:20Z,768,after,idle-4,45309,14720,0.8,6,17,,,,,,14720
2026-08-26T05:00:27Z,768,after,idle-5,45309,14640,1.3,4,17,,,,,,14640
2026-08-26T05:00:34Z,768,after,idle-6,45309,14704,0.9,6,17,,,,,,14704
2026-08-26T05:01:40Z,768,after,mem-idle,45309,14448,1.1,6,17,,,,,,14448
2026-08-26T05:01:46Z,768,after,mem-load,45309,14720,1.4,6,17,,,,,,14720
2026-08-26T05:01:52Z,768,after,mem-hold10,45309,14752,0.4,6,17,,,,,,14752
2026-08-26T05:02:04Z,768,after,mem-hold30,45309,14784,0.5,7,17,,,,,,14784
2026-08-26T05:02:08Z,768,after,mem-release,45309,14736,1.0,5,17,,,,,,14736
2026-08-26T05:02:19Z,768,after,mem-after10,45309,14640,0.3,3,17,,,,,,14640
2026-08-26T05:02:40Z,768,after,mem-after30,45309,14480,0.2,7,17,,,,,,14480
2026-08-26T05:02:51Z,768,after,compose-up,45309,15040,1.1,7,49,,,,,,15040
2026-08-26T05:04:08Z,1024,before,idle-1,48180,14736,1.2,5,17,,,,,,14736
2026-08-26T05:04:15Z,1024,before,idle-2,48180,14912,0.6,5,17,,,,,,14912
2026-08-26T05:04:22Z,1024,before,idle-3,48180,14928,0.7,6,17,,,,,,14928
2026-08-26T05:04:29Z,1024,before,idle-4,48180,14736,0.8,4,17,,,,,,14736
2026-08-26T05:04:35Z,1024,before,idle-5,48180,14736,1.0,5,17,,,,,,14736
2026-08-26T05:04:42Z,1024,before,idle-6,48180,14720,0.7,7,17,,,,,,14720
2026-08-26T05:05:49Z,1024,before,mem-idle,48180,14320,1.5,4,17,,,,,,14320
2026-08-26T05:05:55Z,1024,before,mem-load,48180,14832,1.3,7,17,,,,,,14832
2026-08-26T05:06:01Z,1024,before,mem-hold10,48180,14864,1.4,6,17,,,,,,14864
2026-08-26T05:06:12Z,1024,before,mem-hold30,48180,14672,1.2,7,17,,,,,,14672
2026-08-26T05:06:16Z,1024,before,mem-release,48180,14768,1.0,5,17,,,,,,14768
2026-08-26T05:06:28Z,1024,before,mem-after10,48180,14672,1.4,3,17,,,,,,14672
2026-08-26T05:06:49Z,1024,before,mem-after30,48180,14416,0.8,4,17,,,,,,14416
2026-08-26T05:07:00Z,1024,before,compose-up,48180,15104,3.0,7,49,,,,,,15104
2026-08-26T05:08:18Z,1024,after,idle-1,51007,14576,1.5,4,17,,,,,,14576
2026-08-26T05:08:25Z,1024,after,idle-2,51007,14832,1.3,5,17,,,,,,14832
2026-08-26T05:08:32Z,1024,after,idle-3,51007,14960,0.9,6,17,,,,,,14960
2026-08-26T05:08:38Z,1024,after,idle-4,51007,14656,1.6,4,17,,,,,,14656
2026-08-26T05:08:45Z,1024,after,idle-5,51007,14608,0.8,5,17,,,,,,14608
2026-08-26T05:08:51Z,1024,after,idle-6,51007,14624,1.1,5,17,,,,,,14624
2026-08-26T05:09:58Z,1024,after,mem-idle,51007,14464,0.9,4,17,,,,,,14464
2026-08-26T05:10:04Z,1024,after,mem-load,51007,14976,1.1,8,17,,,,,,14976
2026-08-26T05:10:10Z,1024,after,mem-hold10,51007,14912,1.7,6,29,,,,,,14912
2026-08-26T05:10:22Z,1024,after,mem-hold30,51007,14944,1.1,7,17,,,,,,14944
2026-08-26T05:10:26Z,1024,after,mem-release,51007,14976,1.0,7,17,,,,,,14976
2026-08-26T05:10:37Z,1024,after,mem-after10,51007,14736,0.8,3,17,,,,,,14736
2026-08-26T05:10:58Z,1024,after,mem-after30,51007,13952,0.5,3,29,,,,,,13952
2026-08-26T05:11:09Z,1024,after,compose-up,51007,15040,1.3,5,31,,,,,,15040
