ts,epoch,tag,pid,harpoon_rss_kb,harpoon_cpu,threads,fds,vm_pid,vm_rss_kb,vm_cpu,combined_kb,pages_free
2026-08-26T01:33:56Z,1787708036,startup-512-1,64114,14528,0.0,%cpu%memacflagacflgargsblockedcommcommandcpucputimeetimefflagsgidgroupinblkinblockjobcktracektraceplimloginlognamelstartmajfltminfltmsgrcvmsgsndninicenivcswnsignalsnsigsnswap
nvcswnwchanoublkoublockp_rupaddrpageinpcpupendingpgidpidpmemppidpriprsnapstimeputimerergidrgrouprssruidrusersesssigsigmaskslstartstatstatestimesvgidsvuidtdevtimetpgidtsess
tsizttttyucommuidupruserusrpriutimevsizevszwchanwqwqbwqlwqrxstat,15,30506,608,0.0,15136,12528
2026-08-26T01:34:18Z,1787708058,startup-512-2,64322,14944,0.5,%cpu%memacflagacflgargsblockedcommcommandcpucputimeetimefflagsgidgroupinblkinblockjobcktracektraceplimloginlognamelstartmajfltminfltmsgrcvmsgsndninicenivcswnsignalsnsigsnswap
nvcswnwchanoublkoublockp_rupaddrpageinpcpupendingpgidpidpmemppidpriprsnapstimeputimerergidrgrouprssruidrusersesssigsigmaskslstartstatstatestimesvgidsvuidtdevtimetpgidtsess
tsizttttyucommuidupruserusrpriutimevsizevszwchanwqwqbwqlwqrxstat,15,30506,608,0.0,15552,3903
2026-08-26T01:34:42Z,1787708082,startup-512-3,64509,14512,1.2,%cpu%memacflagacflgargsblockedcommcommandcpucputimeetimefflagsgidgroupinblkinblockjobcktracektraceplimloginlognamelstartmajfltminfltmsgrcvmsgsndninicenivcswnsignalsnsigsnswap
nvcswnwchanoublkoublockp_rupaddrpageinpcpupendingpgidpidpmemppidpriprsnapstimeputimerergidrgrouprssruidrusersesssigsigmaskslstartstatstatestimesvgidsvuidtdevtimetpgidtsess
tsizttttyucommuidupruserusrpriutimevsizevszwchanwqwqbwqlwqrxstat,15,30506,592,0.0,15104,4054
2026-08-26T01:35:06Z,1787708106,startup-512-4,64708,14496,1.7,%cpu%memacflagacflgargsblockedcommcommandcpucputimeetimefflagsgidgroupinblkinblockjobcktracektraceplimloginlognamelstartmajfltminfltmsgrcvmsgsndninicenivcswnsignalsnsigsnswap
nvcswnwchanoublkoublockp_rupaddrpageinpcpupendingpgidpidpmemppidpriprsnapstimeputimerergidrgrouprssruidrusersesssigsigmaskslstartstatstatestimesvgidsvuidtdevtimetpgidtsess
tsizttttyucommuidupruserusrpriutimevsizevszwchanwqwqbwqlwqrxstat,15,30506,608,0.0,15104,4748
2026-08-26T01:35:30Z,1787708130,startup-512-5,64901,14800,1.1,%cpu%memacflagacflgargsblockedcommcommandcpucputimeetimefflagsgidgroupinblkinblockjobcktracektraceplimloginlognamelstartmajfltminfltmsgrcvmsgsndninicenivcswnsignalsnsigsnswap
nvcswnwchanoublkoublockp_rupaddrpageinpcpupendingpgidpidpmemppidpriprsnapstimeputimerergidrgrouprssruidrusersesssigsigmaskslstartstatstatestimesvgidsvuidtdevtimetpgidtsess
tsizttttyucommuidupruserusrpriutimevsizevszwchanwqwqbwqlwqrxstat,15,30506,608,0.0,15408,4652
2026-08-26T01:35:43Z,1787708143,idle-512-1,64901,14560,0.0,%cpu%memacflagacflgargsblockedcommcommandcpucputimeetimefflagsgidgroupinblkinblockjobcktracektraceplimloginlognamelstartmajfltminfltmsgrcvmsgsndninicenivcswnsignalsnsigsnswap
nvcswnwchanoublkoublockp_rupaddrpageinpcpupendingpgidpidpmemppidpriprsnapstimeputimerergidrgrouprssruidrusersesssigsigmaskslstartstatstatestimesvgidsvuidtdevtimetpgidtsess
tsizttttyucommuidupruserusrpriutimevsizevszwchanwqwqbwqlwqrxstat,15,30506,608,0.0,15168,3904
2026-08-26T01:35:48Z,1787708148,idle-512-2,64901,14368,0.4,%cpu%memacflagacflgargsblockedcommcommandcpucputimeetimefflagsgidgroupinblkinblockjobcktracektraceplimloginlognamelstartmajfltminfltmsgrcvmsgsndninicenivcswnsignalsnsigsnswap
nvcswnwchanoublkoublockp_rupaddrpageinpcpupendingpgidpidpmemppidpriprsnapstimeputimerergidrgrouprssruidrusersesssigsigmaskslstartstatstatestimesvgidsvuidtdevtimetpgidtsess
tsizttttyucommuidupruserusrpriutimevsizevszwchanwqwqbwqlwqrxstat,15,30506,608,0.0,14976,5250
2026-08-26T01:35:54Z,1787708154,idle-512-3,64901,14656,0.1,%cpu%memacflagacflgargsblockedcommcommandcpucputimeetimefflagsgidgroupinblkinblockjobcktracektraceplimloginlognamelstartmajfltminfltmsgrcvmsgsndninicenivcswnsignalsnsigsnswap
nvcswnwchanoublkoublockp_rupaddrpageinpcpupendingpgidpidpmemppidpriprsnapstimeputimerergidrgrouprssruidrusersesssigsigmaskslstartstatstatestimesvgidsvuidtdevtimetpgidtsess
tsizttttyucommuidupruserusrpriutimevsizevszwchanwqwqbwqlwqrxstat,15,30506,608,0.0,15264,3873
2026-08-26T01:36:00Z,1787708160,idle-512-4,64901,14304,0.4,%cpu%memacflagacflgargsblockedcommcommandcpucputimeetimefflagsgidgroupinblkinblockjobcktracektraceplimloginlognamelstartmajfltminfltmsgrcvmsgsndninicenivcswnsignalsnsigsnswap
nvcswnwchanoublkoublockp_rupaddrpageinpcpupendingpgidpidpmemppidpriprsnapstimeputimerergidrgrouprssruidrusersesssigsigmaskslstartstatstatestimesvgidsvuidtdevtimetpgidtsess
tsizttttyucommuidupruserusrpriutimevsizevszwchanwqwqbwqlwqrxstat,15,30506,608,0.0,14912,4163
2026-08-26T01:36:05Z,1787708165,idle-512-5,64901,14256,0.0,%cpu%memacflagacflgargsblockedcommcommandcpucputimeetimefflagsgidgroupinblkinblockjobcktracektraceplimloginlognamelstartmajfltminfltmsgrcvmsgsndninicenivcswnsignalsnsigsnswap
nvcswnwchanoublkoublockp_rupaddrpageinpcpupendingpgidpidpmemppidpriprsnapstimeputimerergidrgrouprssruidrusersesssigsigmaskslstartstatstatestimesvgidsvuidtdevtimetpgidtsess
tsizttttyucommuidupruserusrpriutimevsizevszwchanwqwqbwqlwqrxstat,15,30506,608,0.0,14864,7519
2026-08-26T01:36:11Z,1787708171,idle-512-6,64901,14304,0.0,%cpu%memacflagacflgargsblockedcommcommandcpucputimeetimefflagsgidgroupinblkinblockjobcktracektraceplimloginlognamelstartmajfltminfltmsgrcvmsgsndninicenivcswnsignalsnsigsnswap
nvcswnwchanoublkoublockp_rupaddrpageinpcpupendingpgidpidpmemppidpriprsnapstimeputimerergidrgrouprssruidrusersesssigsigmaskslstartstatstatestimesvgidsvuidtdevtimetpgidtsess
tsizttttyucommuidupruserusrpriutimevsizevszwchanwqwqbwqlwqrxstat,15,30506,608,0.0,14912,7724
2026-08-26T01:36:26Z,1787708186,mem-idle-512,64901,14464,1.7,%cpu%memacflagacflgargsblockedcommcommandcpucputimeetimefflagsgidgroupinblkinblockjobcktracektraceplimloginlognamelstartmajfltminfltmsgrcvmsgsndninicenivcswnsignalsnsigsnswap
nvcswnwchanoublkoublockp_rupaddrpageinpcpupendingpgidpidpmemppidpriprsnapstimeputimerergidrgrouprssruidrusersesssigsigmaskslstartstatstatestimesvgidsvuidtdevtimetpgidtsess
tsizttttyucommuidupruserusrpriutimevsizevszwchanwqwqbwqlwqrxstat,17,30506,608,0.0,15072,4123
2026-08-26T01:36:32Z,1787708192,mem-load-512,64901,14480,0.1,%cpu%memacflagacflgargsblockedcommcommandcpucputimeetimefflagsgidgroupinblkinblockjobcktracektraceplimloginlognamelstartmajfltminfltmsgrcvmsgsndninicenivcswnsignalsnsigsnswap
nvcswnwchanoublkoublockp_rupaddrpageinpcpupendingpgidpidpmemppidpriprsnapstimeputimerergidrgrouprssruidrusersesssigsigmaskslstartstatstatestimesvgidsvuidtdevtimetpgidtsess
tsizttttyucommuidupruserusrpriutimevsizevszwchanwqwqbwqlwqrxstat,17,30506,608,0.0,15088,10653
2026-08-26T01:36:43Z,1787708203,mem-hold10-512,64901,14448,0.0,%cpu%memacflagacflgargsblockedcommcommandcpucputimeetimefflagsgidgroupinblkinblockjobcktracektraceplimloginlognamelstartmajfltminfltmsgrcvmsgsndninicenivcswnsignalsnsigsnswap
nvcswnwchanoublkoublockp_rupaddrpageinpcpupendingpgidpidpmemppidpriprsnapstimeputimerergidrgrouprssruidrusersesssigsigmaskslstartstatstatestimesvgidsvuidtdevtimetpgidtsess
tsizttttyucommuidupruserusrpriutimevsizevszwchanwqwqbwqlwqrxstat,17,30506,608,0.0,15056,11420
2026-08-26T01:36:45Z,1787708205,mem-release-512,64901,13984,0.1,%cpu%memacflagacflgargsblockedcommcommandcpucputimeetimefflagsgidgroupinblkinblockjobcktracektraceplimloginlognamelstartmajfltminfltmsgrcvmsgsndninicenivcswnsignalsnsigsnswap
nvcswnwchanoublkoublockp_rupaddrpageinpcpupendingpgidpidpmemppidpriprsnapstimeputimerergidrgrouprssruidrusersesssigsigmaskslstartstatstatestimesvgidsvuidtdevtimetpgidtsess
tsizttttyucommuidupruserusrpriutimevsizevszwchanwqwqbwqlwqrxstat,17,30506,608,0.0,14592,3954
2026-08-26T01:36:56Z,1787708216,mem-after10-512,64901,14352,0.1,%cpu%memacflagacflgargsblockedcommcommandcpucputimeetimefflagsgidgroupinblkinblockjobcktracektraceplimloginlognamelstartmajfltminfltmsgrcvmsgsndninicenivcswnsignalsnsigsnswap
nvcswnwchanoublkoublockp_rupaddrpageinpcpupendingpgidpidpmemppidpriprsnapstimeputimerergidrgrouprssruidrusersesssigsigmaskslstartstatstatestimesvgidsvuidtdevtimetpgidtsess
tsizttttyucommuidupruserusrpriutimevsizevszwchanwqwqbwqlwqrxstat,17,30506,608,0.0,14960,8997
2026-08-26T01:37:17Z,1787708237,mem-after30-512,64901,14272,0.0,%cpu%memacflagacflgargsblockedcommcommandcpucputimeetimefflagsgidgroupinblkinblockjobcktracektraceplimloginlognamelstartmajfltminfltmsgrcvmsgsndninicenivcswnsignalsnsigsnswap
nvcswnwchanoublkoublockp_rupaddrpageinpcpupendingpgidpidpmemppidpriprsnapstimeputimerergidrgrouprssruidrusersesssigsigmaskslstartstatstatestimesvgidsvuidtdevtimetpgidtsess
tsizttttyucommuidupruserusrpriutimevsizevszwchanwqwqbwqlwqrxstat,17,30506,608,0.0,14880,4194
2026-08-26T01:37:17Z,1787708237,cpu-idle-512,64901,14288,1.3,%cpu%memacflagacflgargsblockedcommcommandcpucputimeetimefflagsgidgroupinblkinblockjobcktracektraceplimloginlognamelstartmajfltminfltmsgrcvmsgsndninicenivcswnsignalsnsigsnswap
nvcswnwchanoublkoublockp_rupaddrpageinpcpupendingpgidpidpmemppidpriprsnapstimeputimerergidrgrouprssruidrusersesssigsigmaskslstartstatstatestimesvgidsvuidtdevtimetpgidtsess
tsizttttyucommuidupruserusrpriutimevsizevszwchanwqwqbwqlwqrxstat,17,30506,608,0.0,14896,9771
2026-08-26T01:37:21Z,1787708241,cpu-after-ps-512,64901,14288,0.0,%cpu%memacflagacflgargsblockedcommcommandcpucputimeetimefflagsgidgroupinblkinblockjobcktracektraceplimloginlognamelstartmajfltminfltmsgrcvmsgsndninicenivcswnsignalsnsigsnswap
nvcswnwchanoublkoublockp_rupaddrpageinpcpupendingpgidpidpmemppidpriprsnapstimeputimerergidrgrouprssruidrusersesssigsigmaskslstartstatstatestimesvgidsvuidtdevtimetpgidtsess
tsizttttyucommuidupruserusrpriutimevsizevszwchanwqwqbwqlwqrxstat,17,30506,608,0.0,14896,4658
2026-08-26T01:37:26Z,1787708246,compose-up-512,64901,14896,0.5,%cpu%memacflagacflgargsblockedcommcommandcpucputimeetimefflagsgidgroupinblkinblockjobcktracektraceplimloginlognamelstartmajfltminfltmsgrcvmsgsndninicenivcswnsignalsnsigsnswap
nvcswnwchanoublkoublockp_rupaddrpageinpcpupendingpgidpidpmemppidpriprsnapstimeputimerergidrgrouprssruidrusersesssigsigmaskslstartstatstatestimesvgidsvuidtdevtimetpgidtsess
tsizttttyucommuidupruserusrpriutimevsizevszwchanwqwqbwqlwqrxstat,19,30506,608,0.0,15504,4135
2026-08-26T01:37:45Z,1787708265,fs-512,64901,14672,1.7,%cpu%memacflagacflgargsblockedcommcommandcpucputimeetimefflagsgidgroupinblkinblockjobcktracektraceplimloginlognamelstartmajfltminfltmsgrcvmsgsndninicenivcswnsignalsnsigsnswap
nvcswnwchanoublkoublockp_rupaddrpageinpcpupendingpgidpidpmemppidpriprsnapstimeputimerergidrgrouprssruidrusersesssigsigmaskslstartstatstatestimesvgidsvuidtdevtimetpgidtsess
tsizttttyucommuidupruserusrpriutimevsizevszwchanwqwqbwqlwqrxstat,17,30506,608,0.0,15280,3588
2026-08-26T01:38:08Z,1787708288,persist-512,66761,15264,3.9,%cpu%memacflagacflgargsblockedcommcommandcpucputimeetimefflagsgidgroupinblkinblockjobcktracektraceplimloginlognamelstartmajfltminfltmsgrcvmsgsndninicenivcswnsignalsnsigsnswap
nvcswnwchanoublkoublockp_rupaddrpageinpcpupendingpgidpidpmemppidpriprsnapstimeputimerergidrgrouprssruidrusersesssigsigmaskslstartstatstatestimesvgidsvuidtdevtimetpgidtsess
tsizttttyucommuidupruserusrpriutimevsizevszwchanwqwqbwqlwqrxstat,15,30506,608,0.0,15872,4289
2026-08-26T01:38:09Z,1787708289,soak-512-1,66761,15376,2.7,%cpu%memacflagacflgargsblockedcommcommandcpucputimeetimefflagsgidgroupinblkinblockjobcktracektraceplimloginlognamelstartmajfltminfltmsgrcvmsgsndninicenivcswnsignalsnsigsnswap
nvcswnwchanoublkoublockp_rupaddrpageinpcpupendingpgidpidpmemppidpriprsnapstimeputimerergidrgrouprssruidrusersesssigsigmaskslstartstatstatestimesvgidsvuidtdevtimetpgidtsess
tsizttttyucommuidupruserusrpriutimevsizevszwchanwqwqbwqlwqrxstat,15,30506,608,0.0,15984,9009
2026-08-26T01:38:40Z,1787708320,soak-512-2,66761,15200,1.3,%cpu%memacflagacflgargsblockedcommcommandcpucputimeetimefflagsgidgroupinblkinblockjobcktracektraceplimloginlognamelstartmajfltminfltmsgrcvmsgsndninicenivcswnsignalsnsigsnswap
nvcswnwchanoublkoublockp_rupaddrpageinpcpupendingpgidpidpmemppidpriprsnapstimeputimerergidrgrouprssruidrusersesssigsigmaskslstartstatstatestimesvgidsvuidtdevtimetpgidtsess
tsizttttyucommuidupruserusrpriutimevsizevszwchanwqwqbwqlwqrxstat,15,30506,608,0.0,15808,5441
2026-08-26T01:39:11Z,1787708351,soak-512-3,66761,14784,1.0,%cpu%memacflagacflgargsblockedcommcommandcpucputimeetimefflagsgidgroupinblkinblockjobcktracektraceplimloginlognamelstartmajfltminfltmsgrcvmsgsndninicenivcswnsignalsnsigsnswap
nvcswnwchanoublkoublockp_rupaddrpageinpcpupendingpgidpidpmemppidpriprsnapstimeputimerergidrgrouprssruidrusersesssigsigmaskslstartstatstatestimesvgidsvuidtdevtimetpgidtsess
tsizttttyucommuidupruserusrpriutimevsizevszwchanwqwqbwqlwqrxstat,17,30506,608,0.0,15392,8021
2026-08-26T01:39:42Z,1787708382,soak-512-4,66761,14832,1.4,%cpu%memacflagacflgargsblockedcommcommandcpucputimeetimefflagsgidgroupinblkinblockjobcktracektraceplimloginlognamelstartmajfltminfltmsgrcvmsgsndninicenivcswnsignalsnsigsnswap
nvcswnwchanoublkoublockp_rupaddrpageinpcpupendingpgidpidpmemppidpriprsnapstimeputimerergidrgrouprssruidrusersesssigsigmaskslstartstatstatestimesvgidsvuidtdevtimetpgidtsess
tsizttttyucommuidupruserusrpriutimevsizevszwchanwqwqbwqlwqrxstat,17,30506,608,0.0,15440,5418
2026-08-26T01:40:13Z,1787708413,soak-512-5,66761,14768,0.9,%cpu%memacflagacflgargsblockedcommcommandcpucputimeetimefflagsgidgroupinblkinblockjobcktracektraceplimloginlognamelstartmajfltminfltmsgrcvmsgsndninicenivcswnsignalsnsigsnswap
nvcswnwchanoublkoublockp_rupaddrpageinpcpupendingpgidpidpmemppidpriprsnapstimeputimerergidrgrouprssruidrusersesssigsigmaskslstartstatstatestimesvgidsvuidtdevtimetpgidtsess
tsizttttyucommuidupruserusrpriutimevsizevszwchanwqwqbwqlwqrxstat,17,30506,608,0.0,15376,3806
2026-08-26T01:40:45Z,1787708445,soak-512-6,66761,14864,1.2,%cpu%memacflagacflgargsblockedcommcommandcpucputimeetimefflagsgidgroupinblkinblockjobcktracektraceplimloginlognamelstartmajfltminfltmsgrcvmsgsndninicenivcswnsignalsnsigsnswap
nvcswnwchanoublkoublockp_rupaddrpageinpcpupendingpgidpidpmemppidpriprsnapstimeputimerergidrgrouprssruidrusersesssigsigmaskslstartstatstatestimesvgidsvuidtdevtimetpgidtsess
tsizttttyucommuidupruserusrpriutimevsizevszwchanwqwqbwqlwqrxstat,17,30506,608,0.0,15472,7641
2026-08-26T01:41:16Z,1787708476,soak-512-7,66761,14864,1.5,%cpu%memacflagacflgargsblockedcommcommandcpucputimeetimefflagsgidgroupinblkinblockjobcktracektraceplimloginlognamelstartmajfltminfltmsgrcvmsgsndninicenivcswnsignalsnsigsnswap
nvcswnwchanoublkoublockp_rupaddrpageinpcpupendingpgidpidpmemppidpriprsnapstimeputimerergidrgrouprssruidrusersesssigsigmaskslstartstatstatestimesvgidsvuidtdevtimetpgidtsess
tsizttttyucommuidupruserusrpriutimevsizevszwchanwqwqbwqlwqrxstat,29,30506,608,0.0,15472,14520
2026-08-26T01:41:47Z,1787708507,soak-512-8,66761,14800,1.3,%cpu%memacflagacflgargsblockedcommcommandcpucputimeetimefflagsgidgroupinblkinblockjobcktracektraceplimloginlognamelstartmajfltminfltmsgrcvmsgsndninicenivcswnsignalsnsigsnswap
nvcswnwchanoublkoublockp_rupaddrpageinpcpupendingpgidpidpmemppidpriprsnapstimeputimerergidrgrouprssruidrusersesssigsigmaskslstartstatstatestimesvgidsvuidtdevtimetpgidtsess
tsizttttyucommuidupruserusrpriutimevsizevszwchanwqwqbwqlwqrxstat,21,30506,608,0.0,15408,10532
2026-08-26T01:42:19Z,1787708539,soak-512-9,66761,14960,2.2,%cpu%memacflagacflgargsblockedcommcommandcpucputimeetimefflagsgidgroupinblkinblockjobcktracektraceplimloginlognamelstartmajfltminfltmsgrcvmsgsndninicenivcswnsignalsnsigsnswap
nvcswnwchanoublkoublockp_rupaddrpageinpcpupendingpgidpidpmemppidpriprsnapstimeputimerergidrgrouprssruidrusersesssigsigmaskslstartstatstatestimesvgidsvuidtdevtimetpgidtsess
tsizttttyucommuidupruserusrpriutimevsizevszwchanwqwqbwqlwqrxstat,21,30506,608,0.0,15568,6969
2026-08-26T01:42:50Z,1787708570,soak-512-10,66761,14768,0.9,%cpu%memacflagacflgargsblockedcommcommandcpucputimeetimefflagsgidgroupinblkinblockjobcktracektraceplimloginlognamelstartmajfltminfltmsgrcvmsgsndninicenivcswnsignalsnsigsnswap
nvcswnwchanoublkoublockp_rupaddrpageinpcpupendingpgidpidpmemppidpriprsnapstimeputimerergidrgrouprssruidrusersesssigsigmaskslstartstatstatestimesvgidsvuidtdevtimetpgidtsess
tsizttttyucommuidupruserusrpriutimevsizevszwchanwqwqbwqlwqrxstat,21,30506,608,0.0,15376,5478
2026-08-26T01:43:43Z,1787708623,startup-768-1,68888,14560,1.1,%cpu%memacflagacflgargsblockedcommcommandcpucputimeetimefflagsgidgroupinblkinblockjobcktracektraceplimloginlognamelstartmajfltminfltmsgrcvmsgsndninicenivcswnsignalsnsigsnswap
nvcswnwchanoublkoublockp_rupaddrpageinpcpupendingpgidpidpmemppidpriprsnapstimeputimerergidrgrouprssruidrusersesssigsigmaskslstartstatstatestimesvgidsvuidtdevtimetpgidtsess
tsizttttyucommuidupruserusrpriutimevsizevszwchanwqwqbwqlwqrxstat,15,30506,608,0.0,15168,4013
2026-08-26T01:44:06Z,1787708646,startup-768-2,69077,14576,0.5,%cpu%memacflagacflgargsblockedcommcommandcpucputimeetimefflagsgidgroupinblkinblockjobcktracektraceplimloginlognamelstartmajfltminfltmsgrcvmsgsndninicenivcswnsignalsnsigsnswap
nvcswnwchanoublkoublockp_rupaddrpageinpcpupendingpgidpidpmemppidpriprsnapstimeputimerergidrgrouprssruidrusersesssigsigmaskslstartstatstatestimesvgidsvuidtdevtimetpgidtsess
tsizttttyucommuidupruserusrpriutimevsizevszwchanwqwqbwqlwqrxstat,15,30506,608,0.0,15184,5259
2026-08-26T01:44:29Z,1787708669,startup-768-3,69288,14880,3.6,%cpu%memacflagacflgargsblockedcommcommandcpucputimeetimefflagsgidgroupinblkinblockjobcktracektraceplimloginlognamelstartmajfltminfltmsgrcvmsgsndninicenivcswnsignalsnsigsnswap
nvcswnwchanoublkoublockp_rupaddrpageinpcpupendingpgidpidpmemppidpriprsnapstimeputimerergidrgrouprssruidrusersesssigsigmaskslstartstatstatestimesvgidsvuidtdevtimetpgidtsess
tsizttttyucommuidupruserusrpriutimevsizevszwchanwqwqbwqlwqrxstat,15,30506,608,0.0,15488,4082
2026-08-26T01:44:52Z,1787708692,startup-768-4,69490,14640,0.9,%cpu%memacflagacflgargsblockedcommcommandcpucputimeetimefflagsgidgroupinblkinblockjobcktracektraceplimloginlognamelstartmajfltminfltmsgrcvmsgsndninicenivcswnsignalsnsigsnswap
nvcswnwchanoublkoublockp_rupaddrpageinpcpupendingpgidpidpmemppidpriprsnapstimeputimerergidrgrouprssruidrusersesssigsigmaskslstartstatstatestimesvgidsvuidtdevtimetpgidtsess
tsizttttyucommuidupruserusrpriutimevsizevszwchanwqwqbwqlwqrxstat,15,30506,608,0.0,15248,4753
2026-08-26T01:45:15Z,1787708715,startup-768-5,69680,14624,0.5,%cpu%memacflagacflgargsblockedcommcommandcpucputimeetimefflagsgidgroupinblkinblockjobcktracektraceplimloginlognamelstartmajfltminfltmsgrcvmsgsndninicenivcswnsignalsnsigsnswap
nvcswnwchanoublkoublockp_rupaddrpageinpcpupendingpgidpidpmemppidpriprsnapstimeputimerergidrgrouprssruidrusersesssigsigmaskslstartstatstatestimesvgidsvuidtdevtimetpgidtsess
tsizttttyucommuidupruserusrpriutimevsizevszwchanwqwqbwqlwqrxstat,15,30506,608,0.0,15232,6294
2026-08-26T01:45:27Z,1787708727,idle-768-1,69680,14832,0.0,%cpu%memacflagacflgargsblockedcommcommandcpucputimeetimefflagsgidgroupinblkinblockjobcktracektraceplimloginlognamelstartmajfltminfltmsgrcvmsgsndninicenivcswnsignalsnsigsnswap
nvcswnwchanoublkoublockp_rupaddrpageinpcpupendingpgidpidpmemppidpriprsnapstimeputimerergidrgrouprssruidrusersesssigsigmaskslstartstatstatestimesvgidsvuidtdevtimetpgidtsess
tsizttttyucommuidupruserusrpriutimevsizevszwchanwqwqbwqlwqrxstat,17,30506,608,0.0,15440,5880
2026-08-26T01:45:33Z,1787708733,idle-768-2,69680,14880,0.1,%cpu%memacflagacflgargsblockedcommcommandcpucputimeetimefflagsgidgroupinblkinblockjobcktracektraceplimloginlognamelstartmajfltminfltmsgrcvmsgsndninicenivcswnsignalsnsigsnswap
nvcswnwchanoublkoublockp_rupaddrpageinpcpupendingpgidpidpmemppidpriprsnapstimeputimerergidrgrouprssruidrusersesssigsigmaskslstartstatstatestimesvgidsvuidtdevtimetpgidtsess
tsizttttyucommuidupruserusrpriutimevsizevszwchanwqwqbwqlwqrxstat,17,30506,608,0.0,15488,6586
2026-08-26T01:45:39Z,1787708739,idle-768-3,69680,14832,5.0,%cpu%memacflagacflgargsblockedcommcommandcpucputimeetimefflagsgidgroupinblkinblockjobcktracektraceplimloginlognamelstartmajfltminfltmsgrcvmsgsndninicenivcswnsignalsnsigsnswap
nvcswnwchanoublkoublockp_rupaddrpageinpcpupendingpgidpidpmemppidpriprsnapstimeputimerergidrgrouprssruidrusersesssigsigmaskslstartstatstatestimesvgidsvuidtdevtimetpgidtsess
tsizttttyucommuidupruserusrpriutimevsizevszwchanwqwqbwqlwqrxstat,17,30506,608,0.0,15440,4248
2026-08-26T01:45:45Z,1787708745,idle-768-4,69680,13856,0.0,%cpu%memacflagacflgargsblockedcommcommandcpucputimeetimefflagsgidgroupinblkinblockjobcktracektraceplimloginlognamelstartmajfltminfltmsgrcvmsgsndninicenivcswnsignalsnsigsnswap
nvcswnwchanoublkoublockp_rupaddrpageinpcpupendingpgidpidpmemppidpriprsnapstimeputimerergidrgrouprssruidrusersesssigsigmaskslstartstatstatestimesvgidsvuidtdevtimetpgidtsess
tsizttttyucommuidupruserusrpriutimevsizevszwchanwqwqbwqlwqrxstat,17,30506,608,0.0,14464,3896
2026-08-26T01:45:51Z,1787708751,idle-768-5,69680,14192,0.0,%cpu%memacflagacflgargsblockedcommcommandcpucputimeetimefflagsgidgroupinblkinblockjobcktracektraceplimloginlognamelstartmajfltminfltmsgrcvmsgsndninicenivcswnsignalsnsigsnswap
nvcswnwchanoublkoublockp_rupaddrpageinpcpupendingpgidpidpmemppidpriprsnapstimeputimerergidrgrouprssruidrusersesssigsigmaskslstartstatstatestimesvgidsvuidtdevtimetpgidtsess
tsizttttyucommuidupruserusrpriutimevsizevszwchanwqwqbwqlwqrxstat,17,30506,608,0.0,14800,4048
2026-08-26T01:45:56Z,1787708756,idle-768-6,69680,14144,0.0,%cpu%memacflagacflgargsblockedcommcommandcpucputimeetimefflagsgidgroupinblkinblockjobcktracektraceplimloginlognamelstartmajfltminfltmsgrcvmsgsndninicenivcswnsignalsnsigsnswap
nvcswnwchanoublkoublockp_rupaddrpageinpcpupendingpgidpidpmemppidpriprsnapstimeputimerergidrgrouprssruidrusersesssigsigmaskslstartstatstatestimesvgidsvuidtdevtimetpgidtsess
tsizttttyucommuidupruserusrpriutimevsizevszwchanwqwqbwqlwqrxstat,17,30506,608,0.0,14752,6592
2026-08-26T01:46:12Z,1787708772,mem-idle-768,69680,13936,2.3,%cpu%memacflagacflgargsblockedcommcommandcpucputimeetimefflagsgidgroupinblkinblockjobcktracektraceplimloginlognamelstartmajfltminfltmsgrcvmsgsndninicenivcswnsignalsnsigsnswap
nvcswnwchanoublkoublockp_rupaddrpageinpcpupendingpgidpidpmemppidpriprsnapstimeputimerergidrgrouprssruidrusersesssigsigmaskslstartstatstatestimesvgidsvuidtdevtimetpgidtsess
tsizttttyucommuidupruserusrpriutimevsizevszwchanwqwqbwqlwqrxstat,17,30506,608,0.0,14544,6108
2026-08-26T01:46:18Z,1787708778,mem-load-768,69680,13904,0.0,%cpu%memacflagacflgargsblockedcommcommandcpucputimeetimefflagsgidgroupinblkinblockjobcktracektraceplimloginlognamelstartmajfltminfltmsgrcvmsgsndninicenivcswnsignalsnsigsnswap
nvcswnwchanoublkoublockp_rupaddrpageinpcpupendingpgidpidpmemppidpriprsnapstimeputimerergidrgrouprssruidrusersesssigsigmaskslstartstatstatestimesvgidsvuidtdevtimetpgidtsess
tsizttttyucommuidupruserusrpriutimevsizevszwchanwqwqbwqlwqrxstat,17,30506,608,0.0,14512,3360
2026-08-26T01:46:28Z,1787708788,mem-hold10-768,69680,13904,0.0,%cpu%memacflagacflgargsblockedcommcommandcpucputimeetimefflagsgidgroupinblkinblockjobcktracektraceplimloginlognamelstartmajfltminfltmsgrcvmsgsndninicenivcswnsignalsnsigsnswap
nvcswnwchanoublkoublockp_rupaddrpageinpcpupendingpgidpidpmemppidpriprsnapstimeputimerergidrgrouprssruidrusersesssigsigmaskslstartstatstatestimesvgidsvuidtdevtimetpgidtsess
tsizttttyucommuidupruserusrpriutimevsizevszwchanwqwqbwqlwqrxstat,17,30506,608,0.0,14512,6044
2026-08-26T01:46:31Z,1787708791,mem-release-768,69680,14352,0.4,%cpu%memacflagacflgargsblockedcommcommandcpucputimeetimefflagsgidgroupinblkinblockjobcktracektraceplimloginlognamelstartmajfltminfltmsgrcvmsgsndninicenivcswnsignalsnsigsnswap
nvcswnwchanoublkoublockp_rupaddrpageinpcpupendingpgidpidpmemppidpriprsnapstimeputimerergidrgrouprssruidrusersesssigsigmaskslstartstatstatestimesvgidsvuidtdevtimetpgidtsess
tsizttttyucommuidupruserusrpriutimevsizevszwchanwqwqbwqlwqrxstat,17,30506,608,0.0,14960,4169
2026-08-26T01:46:42Z,1787708802,mem-after10-768,69680,14064,0.0,%cpu%memacflagacflgargsblockedcommcommandcpucputimeetimefflagsgidgroupinblkinblockjobcktracektraceplimloginlognamelstartmajfltminfltmsgrcvmsgsndninicenivcswnsignalsnsigsnswap
nvcswnwchanoublkoublockp_rupaddrpageinpcpupendingpgidpidpmemppidpriprsnapstimeputimerergidrgrouprssruidrusersesssigsigmaskslstartstatstatestimesvgidsvuidtdevtimetpgidtsess
tsizttttyucommuidupruserusrpriutimevsizevszwchanwqwqbwqlwqrxstat,17,30506,608,0.0,14672,5497
2026-08-26T01:47:03Z,1787708823,mem-after30-768,69680,13600,0.0,%cpu%memacflagacflgargsblockedcommcommandcpucputimeetimefflagsgidgroupinblkinblockjobcktracektraceplimloginlognamelstartmajfltminfltmsgrcvmsgsndninicenivcswnsignalsnsigsnswap
nvcswnwchanoublkoublockp_rupaddrpageinpcpupendingpgidpidpmemppidpriprsnapstimeputimerergidrgrouprssruidrusersesssigsigmaskslstartstatstatestimesvgidsvuidtdevtimetpgidtsess
tsizttttyucommuidupruserusrpriutimevsizevszwchanwqwqbwqlwqrxstat,17,30506,608,0.0,14208,5988
2026-08-26T01:47:03Z,1787708823,cpu-idle-768,69680,13792,0.9,%cpu%memacflagacflgargsblockedcommcommandcpucputimeetimefflagsgidgroupinblkinblockjobcktracektraceplimloginlognamelstartmajfltminfltmsgrcvmsgsndninicenivcswnsignalsnsigsnswap
nvcswnwchanoublkoublockp_rupaddrpageinpcpupendingpgidpidpmemppidpriprsnapstimeputimerergidrgrouprssruidrusersesssigsigmaskslstartstatstatestimesvgidsvuidtdevtimetpgidtsess
tsizttttyucommuidupruserusrpriutimevsizevszwchanwqwqbwqlwqrxstat,17,30506,608,0.0,14400,4366
2026-08-26T01:47:07Z,1787708827,cpu-after-ps-768,69680,13792,0.5,%cpu%memacflagacflgargsblockedcommcommandcpucputimeetimefflagsgidgroupinblkinblockjobcktracektraceplimloginlognamelstartmajfltminfltmsgrcvmsgsndninicenivcswnsignalsnsigsnswap
nvcswnwchanoublkoublockp_rupaddrpageinpcpupendingpgidpidpmemppidpriprsnapstimeputimerergidrgrouprssruidrusersesssigsigmaskslstartstatstatestimesvgidsvuidtdevtimetpgidtsess
tsizttttyucommuidupruserusrpriutimevsizevszwchanwqwqbwqlwqrxstat,17,30506,608,0.0,14400,7763
2026-08-26T01:47:11Z,1787708831,compose-up-768,69680,14592,0.9,%cpu%memacflagacflgargsblockedcommcommandcpucputimeetimefflagsgidgroupinblkinblockjobcktracektraceplimloginlognamelstartmajfltminfltmsgrcvmsgsndninicenivcswnsignalsnsigsnswap
nvcswnwchanoublkoublockp_rupaddrpageinpcpupendingpgidpidpmemppidpriprsnapstimeputimerergidrgrouprssruidrusersesssigsigmaskslstartstatstatestimesvgidsvuidtdevtimetpgidtsess
tsizttttyucommuidupruserusrpriutimevsizevszwchanwqwqbwqlwqrxstat,18,30506,608,0.0,15200,4272
2026-08-26T01:47:25Z,1787708845,fs-768,69680,14544,2.1,%cpu%memacflagacflgargsblockedcommcommandcpucputimeetimefflagsgidgroupinblkinblockjobcktracektraceplimloginlognamelstartmajfltminfltmsgrcvmsgsndninicenivcswnsignalsnsigsnswap
nvcswnwchanoublkoublockp_rupaddrpageinpcpupendingpgidpidpmemppidpriprsnapstimeputimerergidrgrouprssruidrusersesssigsigmaskslstartstatstatestimesvgidsvuidtdevtimetpgidtsess
tsizttttyucommuidupruserusrpriutimevsizevszwchanwqwqbwqlwqrxstat,18,30506,608,0.0,15152,6701
2026-08-26T01:47:49Z,1787708869,persist-768,71613,14960,3.8,%cpu%memacflagacflgargsblockedcommcommandcpucputimeetimefflagsgidgroupinblkinblockjobcktracektraceplimloginlognamelstartmajfltminfltmsgrcvmsgsndninicenivcswnsignalsnsigsnswap
nvcswnwchanoublkoublockp_rupaddrpageinpcpupendingpgidpidpmemppidpriprsnapstimeputimerergidrgrouprssruidrusersesssigsigmaskslstartstatstatestimesvgidsvuidtdevtimetpgidtsess
tsizttttyucommuidupruserusrpriutimevsizevszwchanwqwqbwqlwqrxstat,15,30506,608,0.0,15568,3740
2026-08-26T01:47:50Z,1787708870,soak-768-1,71613,15072,2.2,%cpu%memacflagacflgargsblockedcommcommandcpucputimeetimefflagsgidgroupinblkinblockjobcktracektraceplimloginlognamelstartmajfltminfltmsgrcvmsgsndninicenivcswnsignalsnsigsnswap
nvcswnwchanoublkoublockp_rupaddrpageinpcpupendingpgidpidpmemppidpriprsnapstimeputimerergidrgrouprssruidrusersesssigsigmaskslstartstatstatestimesvgidsvuidtdevtimetpgidtsess
tsizttttyucommuidupruserusrpriutimevsizevszwchanwqwqbwqlwqrxstat,15,30506,608,0.0,15680,5244
2026-08-26T01:48:21Z,1787708901,soak-768-2,71613,14656,1.0,%cpu%memacflagacflgargsblockedcommcommandcpucputimeetimefflagsgidgroupinblkinblockjobcktracektraceplimloginlognamelstartmajfltminfltmsgrcvmsgsndninicenivcswnsignalsnsigsnswap
nvcswnwchanoublkoublockp_rupaddrpageinpcpupendingpgidpidpmemppidpriprsnapstimeputimerergidrgrouprssruidrusersesssigsigmaskslstartstatstatestimesvgidsvuidtdevtimetpgidtsess
tsizttttyucommuidupruserusrpriutimevsizevszwchanwqwqbwqlwqrxstat,15,30506,608,0.0,15264,6853
2026-08-26T01:48:52Z,1787708932,soak-768-3,71613,14576,0.8,%cpu%memacflagacflgargsblockedcommcommandcpucputimeetimefflagsgidgroupinblkinblockjobcktracektraceplimloginlognamelstartmajfltminfltmsgrcvmsgsndninicenivcswnsignalsnsigsnswap
nvcswnwchanoublkoublockp_rupaddrpageinpcpupendingpgidpidpmemppidpriprsnapstimeputimerergidrgrouprssruidrusersesssigsigmaskslstartstatstatestimesvgidsvuidtdevtimetpgidtsess
tsizttttyucommuidupruserusrpriutimevsizevszwchanwqwqbwqlwqrxstat,17,30506,608,0.0,15184,4955
2026-08-26T01:49:24Z,1787708964,soak-768-4,71613,14144,1.0,%cpu%memacflagacflgargsblockedcommcommandcpucputimeetimefflagsgidgroupinblkinblockjobcktracektraceplimloginlognamelstartmajfltminfltmsgrcvmsgsndninicenivcswnsignalsnsigsnswap
nvcswnwchanoublkoublockp_rupaddrpageinpcpupendingpgidpidpmemppidpriprsnapstimeputimerergidrgrouprssruidrusersesssigsigmaskslstartstatstatestimesvgidsvuidtdevtimetpgidtsess
tsizttttyucommuidupruserusrpriutimevsizevszwchanwqwqbwqlwqrxstat,17,30506,608,0.0,14752,5485
2026-08-26T01:49:55Z,1787708995,soak-768-5,71613,14288,1.3,%cpu%memacflagacflgargsblockedcommcommandcpucputimeetimefflagsgidgroupinblkinblockjobcktracektraceplimloginlognamelstartmajfltminfltmsgrcvmsgsndninicenivcswnsignalsnsigsnswap
nvcswnwchanoublkoublockp_rupaddrpageinpcpupendingpgidpidpmemppidpriprsnapstimeputimerergidrgrouprssruidrusersesssigsigmaskslstartstatstatestimesvgidsvuidtdevtimetpgidtsess
tsizttttyucommuidupruserusrpriutimevsizevszwchanwqwqbwqlwqrxstat,17,30506,608,0.0,14896,6278
2026-08-26T01:50:26Z,1787709026,soak-768-6,71613,14128,1.0,%cpu%memacflagacflgargsblockedcommcommandcpucputimeetimefflagsgidgroupinblkinblockjobcktracektraceplimloginlognamelstartmajfltminfltmsgrcvmsgsndninicenivcswnsignalsnsigsnswap
nvcswnwchanoublkoublockp_rupaddrpageinpcpupendingpgidpidpmemppidpriprsnapstimeputimerergidrgrouprssruidrusersesssigsigmaskslstartstatstatestimesvgidsvuidtdevtimetpgidtsess
tsizttttyucommuidupruserusrpriutimevsizevszwchanwqwqbwqlwqrxstat,17,30506,608,0.0,14736,6286
2026-08-26T01:50:57Z,1787709057,soak-768-7,71613,14272,1.2,%cpu%memacflagacflgargsblockedcommcommandcpucputimeetimefflagsgidgroupinblkinblockjobcktracektraceplimloginlognamelstartmajfltminfltmsgrcvmsgsndninicenivcswnsignalsnsigsnswap
nvcswnwchanoublkoublockp_rupaddrpageinpcpupendingpgidpidpmemppidpriprsnapstimeputimerergidrgrouprssruidrusersesssigsigmaskslstartstatstatestimesvgidsvuidtdevtimetpgidtsess
tsizttttyucommuidupruserusrpriutimevsizevszwchanwqwqbwqlwqrxstat,17,30506,608,0.0,14880,6152
2026-08-26T01:51:28Z,1787709088,soak-768-8,71613,14256,0.8,%cpu%memacflagacflgargsblockedcommcommandcpucputimeetimefflagsgidgroupinblkinblockjobcktracektraceplimloginlognamelstartmajfltminfltmsgrcvmsgsndninicenivcswnsignalsnsigsnswap
nvcswnwchanoublkoublockp_rupaddrpageinpcpupendingpgidpidpmemppidpriprsnapstimeputimerergidrgrouprssruidrusersesssigsigmaskslstartstatstatestimesvgidsvuidtdevtimetpgidtsess
tsizttttyucommuidupruserusrpriutimevsizevszwchanwqwqbwqlwqrxstat,17,30506,608,0.0,14864,8932
2026-08-26T01:51:59Z,1787709119,soak-768-9,71613,14336,2.4,%cpu%memacflagacflgargsblockedcommcommandcpucputimeetimefflagsgidgroupinblkinblockjobcktracektraceplimloginlognamelstartmajfltminfltmsgrcvmsgsndninicenivcswnsignalsnsigsnswap
nvcswnwchanoublkoublockp_rupaddrpageinpcpupendingpgidpidpmemppidpriprsnapstimeputimerergidrgrouprssruidrusersesssigsigmaskslstartstatstatestimesvgidsvuidtdevtimetpgidtsess
tsizttttyucommuidupruserusrpriutimevsizevszwchanwqwqbwqlwqrxstat,17,30506,608,0.0,14944,10153
2026-08-26T01:52:30Z,1787709150,soak-768-10,71613,14208,1.0,%cpu%memacflagacflgargsblockedcommcommandcpucputimeetimefflagsgidgroupinblkinblockjobcktracektraceplimloginlognamelstartmajfltminfltmsgrcvmsgsndninicenivcswnsignalsnsigsnswap
nvcswnwchanoublkoublockp_rupaddrpageinpcpupendingpgidpidpmemppidpriprsnapstimeputimerergidrgrouprssruidrusersesssigsigmaskslstartstatstatestimesvgidsvuidtdevtimetpgidtsess
tsizttttyucommuidupruserusrpriutimevsizevszwchanwqwqbwqlwqrxstat,17,30506,608,0.0,14816,6684
2026-08-26T01:53:23Z,1787709203,startup-1024-1,73791,14496,1.1,%cpu%memacflagacflgargsblockedcommcommandcpucputimeetimefflagsgidgroupinblkinblockjobcktracektraceplimloginlognamelstartmajfltminfltmsgrcvmsgsndninicenivcswnsignalsnsigsnswap
nvcswnwchanoublkoublockp_rupaddrpageinpcpupendingpgidpidpmemppidpriprsnapstimeputimerergidrgrouprssruidrusersesssigsigmaskslstartstatstatestimesvgidsvuidtdevtimetpgidtsess
tsizttttyucommuidupruserusrpriutimevsizevszwchanwqwqbwqlwqrxstat,15,30506,608,0.0,15104,6637
2026-08-26T01:53:46Z,1787709226,startup-1024-2,73979,14592,0.9,%cpu%memacflagacflgargsblockedcommcommandcpucputimeetimefflagsgidgroupinblkinblockjobcktracektraceplimloginlognamelstartmajfltminfltmsgrcvmsgsndninicenivcswnsignalsnsigsnswap
nvcswnwchanoublkoublockp_rupaddrpageinpcpupendingpgidpidpmemppidpriprsnapstimeputimerergidrgrouprssruidrusersesssigsigmaskslstartstatstatestimesvgidsvuidtdevtimetpgidtsess
tsizttttyucommuidupruserusrpriutimevsizevszwchanwqwqbwqlwqrxstat,15,30506,608,0.0,15200,3935
2026-08-26T01:54:09Z,1787709249,startup-1024-3,74176,14544,1.0,%cpu%memacflagacflgargsblockedcommcommandcpucputimeetimefflagsgidgroupinblkinblockjobcktracektraceplimloginlognamelstartmajfltminfltmsgrcvmsgsndninicenivcswnsignalsnsigsnswap
nvcswnwchanoublkoublockp_rupaddrpageinpcpupendingpgidpidpmemppidpriprsnapstimeputimerergidrgrouprssruidrusersesssigsigmaskslstartstatstatestimesvgidsvuidtdevtimetpgidtsess
tsizttttyucommuidupruserusrpriutimevsizevszwchanwqwqbwqlwqrxstat,15,30506,608,0.0,15152,4335
2026-08-26T01:54:32Z,1787709272,startup-1024-4,74366,21312,0.9,%cpu%memacflagacflgargsblockedcommcommandcpucputimeetimefflagsgidgroupinblkinblockjobcktracektraceplimloginlognamelstartmajfltminfltmsgrcvmsgsndninicenivcswnsignalsnsigsnswap
nvcswnwchanoublkoublockp_rupaddrpageinpcpupendingpgidpidpmemppidpriprsnapstimeputimerergidrgrouprssruidrusersesssigsigmaskslstartstatstatestimesvgidsvuidtdevtimetpgidtsess
tsizttttyucommuidupruserusrpriutimevsizevszwchanwqwqbwqlwqrxstat,15,30506,608,0.0,21920,6681
2026-08-26T01:54:54Z,1787709294,startup-1024-5,74553,14576,0.7,%cpu%memacflagacflgargsblockedcommcommandcpucputimeetimefflagsgidgroupinblkinblockjobcktracektraceplimloginlognamelstartmajfltminfltmsgrcvmsgsndninicenivcswnsignalsnsigsnswap
nvcswnwchanoublkoublockp_rupaddrpageinpcpupendingpgidpidpmemppidpriprsnapstimeputimerergidrgrouprssruidrusersesssigsigmaskslstartstatstatestimesvgidsvuidtdevtimetpgidtsess
tsizttttyucommuidupruserusrpriutimevsizevszwchanwqwqbwqlwqrxstat,15,30506,608,0.0,15184,4611
2026-08-26T01:55:07Z,1787709307,idle-1024-1,74553,14912,0.0,%cpu%memacflagacflgargsblockedcommcommandcpucputimeetimefflagsgidgroupinblkinblockjobcktracektraceplimloginlognamelstartmajfltminfltmsgrcvmsgsndninicenivcswnsignalsnsigsnswap
nvcswnwchanoublkoublockp_rupaddrpageinpcpupendingpgidpidpmemppidpriprsnapstimeputimerergidrgrouprssruidrusersesssigsigmaskslstartstatstatestimesvgidsvuidtdevtimetpgidtsess
tsizttttyucommuidupruserusrpriutimevsizevszwchanwqwqbwqlwqrxstat,17,30506,608,0.0,15520,5365
2026-08-26T01:55:13Z,1787709313,idle-1024-2,74553,14848,0.2,%cpu%memacflagacflgargsblockedcommcommandcpucputimeetimefflagsgidgroupinblkinblockjobcktracektraceplimloginlognamelstartmajfltminfltmsgrcvmsgsndninicenivcswnsignalsnsigsnswap
nvcswnwchanoublkoublockp_rupaddrpageinpcpupendingpgidpidpmemppidpriprsnapstimeputimerergidrgrouprssruidrusersesssigsigmaskslstartstatstatestimesvgidsvuidtdevtimetpgidtsess
tsizttttyucommuidupruserusrpriutimevsizevszwchanwqwqbwqlwqrxstat,17,30506,608,0.0,15456,3869
2026-08-26T01:55:18Z,1787709318,idle-1024-3,74553,14576,0.0,%cpu%memacflagacflgargsblockedcommcommandcpucputimeetimefflagsgidgroupinblkinblockjobcktracektraceplimloginlognamelstartmajfltminfltmsgrcvmsgsndninicenivcswnsignalsnsigsnswap
nvcswnwchanoublkoublockp_rupaddrpageinpcpupendingpgidpidpmemppidpriprsnapstimeputimerergidrgrouprssruidrusersesssigsigmaskslstartstatstatestimesvgidsvuidtdevtimetpgidtsess
tsizttttyucommuidupruserusrpriutimevsizevszwchanwqwqbwqlwqrxstat,17,30506,608,0.0,15184,4166
2026-08-26T01:55:24Z,1787709324,idle-1024-4,74553,14688,0.0,%cpu%memacflagacflgargsblockedcommcommandcpucputimeetimefflagsgidgroupinblkinblockjobcktracektraceplimloginlognamelstartmajfltminfltmsgrcvmsgsndninicenivcswnsignalsnsigsnswap
nvcswnwchanoublkoublockp_rupaddrpageinpcpupendingpgidpidpmemppidpriprsnapstimeputimerergidrgrouprssruidrusersesssigsigmaskslstartstatstatestimesvgidsvuidtdevtimetpgidtsess
tsizttttyucommuidupruserusrpriutimevsizevszwchanwqwqbwqlwqrxstat,17,30506,608,0.0,15296,8221
2026-08-26T01:55:30Z,1787709330,idle-1024-5,74553,14576,0.0,%cpu%memacflagacflgargsblockedcommcommandcpucputimeetimefflagsgidgroupinblkinblockjobcktracektraceplimloginlognamelstartmajfltminfltmsgrcvmsgsndninicenivcswnsignalsnsigsnswap
nvcswnwchanoublkoublockp_rupaddrpageinpcpupendingpgidpidpmemppidpriprsnapstimeputimerergidrgrouprssruidrusersesssigsigmaskslstartstatstatestimesvgidsvuidtdevtimetpgidtsess
tsizttttyucommuidupruserusrpriutimevsizevszwchanwqwqbwqlwqrxstat,17,30506,608,0.0,15184,5694
2026-08-26T01:55:35Z,1787709335,idle-1024-6,74553,14592,0.0,%cpu%memacflagacflgargsblockedcommcommandcpucputimeetimefflagsgidgroupinblkinblockjobcktracektraceplimloginlognamelstartmajfltminfltmsgrcvmsgsndninicenivcswnsignalsnsigsnswap
nvcswnwchanoublkoublockp_rupaddrpageinpcpupendingpgidpidpmemppidpriprsnapstimeputimerergidrgrouprssruidrusersesssigsigmaskslstartstatstatestimesvgidsvuidtdevtimetpgidtsess
tsizttttyucommuidupruserusrpriutimevsizevszwchanwqwqbwqlwqrxstat,17,30506,608,0.0,15200,7522
2026-08-26T01:55:50Z,1787709350,mem-idle-1024,74553,15120,3.0,%cpu%memacflagacflgargsblockedcommcommandcpucputimeetimefflagsgidgroupinblkinblockjobcktracektraceplimloginlognamelstartmajfltminfltmsgrcvmsgsndninicenivcswnsignalsnsigsnswap
nvcswnwchanoublkoublockp_rupaddrpageinpcpupendingpgidpidpmemppidpriprsnapstimeputimerergidrgrouprssruidrusersesssigsigmaskslstartstatstatestimesvgidsvuidtdevtimetpgidtsess
tsizttttyucommuidupruserusrpriutimevsizevszwchanwqwqbwqlwqrxstat,29,30506,608,0.0,15728,5121
2026-08-26T01:55:56Z,1787709356,mem-load-1024,74553,14928,0.0,%cpu%memacflagacflgargsblockedcommcommandcpucputimeetimefflagsgidgroupinblkinblockjobcktracektraceplimloginlognamelstartmajfltminfltmsgrcvmsgsndninicenivcswnsignalsnsigsnswap
nvcswnwchanoublkoublockp_rupaddrpageinpcpupendingpgidpidpmemppidpriprsnapstimeputimerergidrgrouprssruidrusersesssigsigmaskslstartstatstatestimesvgidsvuidtdevtimetpgidtsess
tsizttttyucommuidupruserusrpriutimevsizevszwchanwqwqbwqlwqrxstat,29,30506,608,0.0,15536,4905
2026-08-26T01:56:06Z,1787709366,mem-hold10-1024,74553,14688,0.0,%cpu%memacflagacflgargsblockedcommcommandcpucputimeetimefflagsgidgroupinblkinblockjobcktracektraceplimloginlognamelstartmajfltminfltmsgrcvmsgsndninicenivcswnsignalsnsigsnswap
nvcswnwchanoublkoublockp_rupaddrpageinpcpupendingpgidpidpmemppidpriprsnapstimeputimerergidrgrouprssruidrusersesssigsigmaskslstartstatstatestimesvgidsvuidtdevtimetpgidtsess
tsizttttyucommuidupruserusrpriutimevsizevszwchanwqwqbwqlwqrxstat,29,30506,608,0.0,15296,6904
2026-08-26T01:56:09Z,1787709369,mem-release-1024,74553,14832,0.2,%cpu%memacflagacflgargsblockedcommcommandcpucputimeetimefflagsgidgroupinblkinblockjobcktracektraceplimloginlognamelstartmajfltminfltmsgrcvmsgsndninicenivcswnsignalsnsigsnswap
nvcswnwchanoublkoublockp_rupaddrpageinpcpupendingpgidpidpmemppidpriprsnapstimeputimerergidrgrouprssruidrusersesssigsigmaskslstartstatstatestimesvgidsvuidtdevtimetpgidtsess
tsizttttyucommuidupruserusrpriutimevsizevszwchanwqwqbwqlwqrxstat,29,30506,608,0.0,15440,3656
2026-08-26T01:56:20Z,1787709380,mem-after10-1024,74553,14624,4.3,%cpu%memacflagacflgargsblockedcommcommandcpucputimeetimefflagsgidgroupinblkinblockjobcktracektraceplimloginlognamelstartmajfltminfltmsgrcvmsgsndninicenivcswnsignalsnsigsnswap
nvcswnwchanoublkoublockp_rupaddrpageinpcpupendingpgidpidpmemppidpriprsnapstimeputimerergidrgrouprssruidrusersesssigsigmaskslstartstatstatestimesvgidsvuidtdevtimetpgidtsess
tsizttttyucommuidupruserusrpriutimevsizevszwchanwqwqbwqlwqrxstat,21,30506,608,0.0,15232,3540
2026-08-26T01:56:40Z,1787709400,mem-after30-1024,74553,14528,0.0,%cpu%memacflagacflgargsblockedcommcommandcpucputimeetimefflagsgidgroupinblkinblockjobcktracektraceplimloginlognamelstartmajfltminfltmsgrcvmsgsndninicenivcswnsignalsnsigsnswap
nvcswnwchanoublkoublockp_rupaddrpageinpcpupendingpgidpidpmemppidpriprsnapstimeputimerergidrgrouprssruidrusersesssigsigmaskslstartstatstatestimesvgidsvuidtdevtimetpgidtsess
tsizttttyucommuidupruserusrpriutimevsizevszwchanwqwqbwqlwqrxstat,21,30506,608,0.0,15136,4055
2026-08-26T01:56:41Z,1787709401,cpu-idle-1024,74553,14528,1.2,%cpu%memacflagacflgargsblockedcommcommandcpucputimeetimefflagsgidgroupinblkinblockjobcktracektraceplimloginlognamelstartmajfltminfltmsgrcvmsgsndninicenivcswnsignalsnsigsnswap
nvcswnwchanoublkoublockp_rupaddrpageinpcpupendingpgidpidpmemppidpriprsnapstimeputimerergidrgrouprssruidrusersesssigsigmaskslstartstatstatestimesvgidsvuidtdevtimetpgidtsess
tsizttttyucommuidupruserusrpriutimevsizevszwchanwqwqbwqlwqrxstat,21,30506,608,0.0,15136,5254
2026-08-26T01:56:45Z,1787709405,cpu-after-ps-1024,74553,14416,0.4,%cpu%memacflagacflgargsblockedcommcommandcpucputimeetimefflagsgidgroupinblkinblockjobcktracektraceplimloginlognamelstartmajfltminfltmsgrcvmsgsndninicenivcswnsignalsnsigsnswap
nvcswnwchanoublkoublockp_rupaddrpageinpcpupendingpgidpidpmemppidpriprsnapstimeputimerergidrgrouprssruidrusersesssigsigmaskslstartstatstatestimesvgidsvuidtdevtimetpgidtsess
tsizttttyucommuidupruserusrpriutimevsizevszwchanwqwqbwqlwqrxstat,21,30506,608,0.0,15024,3980
2026-08-26T01:56:49Z,1787709409,compose-up-1024,74553,14848,0.1,%cpu%memacflagacflgargsblockedcommcommandcpucputimeetimefflagsgidgroupinblkinblockjobcktracektraceplimloginlognamelstartmajfltminfltmsgrcvmsgsndninicenivcswnsignalsnsigsnswap
nvcswnwchanoublkoublockp_rupaddrpageinpcpupendingpgidpidpmemppidpriprsnapstimeputimerergidrgrouprssruidrusersesssigsigmaskslstartstatstatestimesvgidsvuidtdevtimetpgidtsess
tsizttttyucommuidupruserusrpriutimevsizevszwchanwqwqbwqlwqrxstat,22,30506,608,0.0,15456,4619
2026-08-26T01:57:03Z,1787709423,fs-1024,74553,15216,2.0,%cpu%memacflagacflgargsblockedcommcommandcpucputimeetimefflagsgidgroupinblkinblockjobcktracektraceplimloginlognamelstartmajfltminfltmsgrcvmsgsndninicenivcswnsignalsnsigsnswap
nvcswnwchanoublkoublockp_rupaddrpageinpcpupendingpgidpidpmemppidpriprsnapstimeputimerergidrgrouprssruidrusersesssigsigmaskslstartstatstatestimesvgidsvuidtdevtimetpgidtsess
tsizttttyucommuidupruserusrpriutimevsizevszwchanwqwqbwqlwqrxstat,21,30506,608,0.0,15824,4962
2026-08-26T01:57:27Z,1787709447,persist-1024,76450,14928,0.6,%cpu%memacflagacflgargsblockedcommcommandcpucputimeetimefflagsgidgroupinblkinblockjobcktracektraceplimloginlognamelstartmajfltminfltmsgrcvmsgsndninicenivcswnsignalsnsigsnswap
nvcswnwchanoublkoublockp_rupaddrpageinpcpupendingpgidpidpmemppidpriprsnapstimeputimerergidrgrouprssruidrusersesssigsigmaskslstartstatstatestimesvgidsvuidtdevtimetpgidtsess
tsizttttyucommuidupruserusrpriutimevsizevszwchanwqwqbwqlwqrxstat,15,30506,608,0.0,15536,5166
2026-08-26T01:57:27Z,1787709447,soak-1024-1,76450,15008,1.0,%cpu%memacflagacflgargsblockedcommcommandcpucputimeetimefflagsgidgroupinblkinblockjobcktracektraceplimloginlognamelstartmajfltminfltmsgrcvmsgsndninicenivcswnsignalsnsigsnswap
nvcswnwchanoublkoublockp_rupaddrpageinpcpupendingpgidpidpmemppidpriprsnapstimeputimerergidrgrouprssruidrusersesssigsigmaskslstartstatstatestimesvgidsvuidtdevtimetpgidtsess
tsizttttyucommuidupruserusrpriutimevsizevszwchanwqwqbwqlwqrxstat,15,30506,608,0.0,15616,5897
2026-08-26T01:57:59Z,1787709479,soak-1024-2,76450,14624,0.8,%cpu%memacflagacflgargsblockedcommcommandcpucputimeetimefflagsgidgroupinblkinblockjobcktracektraceplimloginlognamelstartmajfltminfltmsgrcvmsgsndninicenivcswnsignalsnsigsnswap
nvcswnwchanoublkoublockp_rupaddrpageinpcpupendingpgidpidpmemppidpriprsnapstimeputimerergidrgrouprssruidrusersesssigsigmaskslstartstatstatestimesvgidsvuidtdevtimetpgidtsess
tsizttttyucommuidupruserusrpriutimevsizevszwchanwqwqbwqlwqrxstat,15,30506,608,0.0,15232,4326
2026-08-26T01:58:30Z,1787709510,soak-1024-3,76450,14928,2.1,%cpu%memacflagacflgargsblockedcommcommandcpucputimeetimefflagsgidgroupinblkinblockjobcktracektraceplimloginlognamelstartmajfltminfltmsgrcvmsgsndninicenivcswnsignalsnsigsnswap
nvcswnwchanoublkoublockp_rupaddrpageinpcpupendingpgidpidpmemppidpriprsnapstimeputimerergidrgrouprssruidrusersesssigsigmaskslstartstatstatestimesvgidsvuidtdevtimetpgidtsess
tsizttttyucommuidupruserusrpriutimevsizevszwchanwqwqbwqlwqrxstat,17,30506,608,0.0,15536,6019
2026-08-26T01:59:01Z,1787709541,soak-1024-4,76450,14896,1.0,%cpu%memacflagacflgargsblockedcommcommandcpucputimeetimefflagsgidgroupinblkinblockjobcktracektraceplimloginlognamelstartmajfltminfltmsgrcvmsgsndninicenivcswnsignalsnsigsnswap
nvcswnwchanoublkoublockp_rupaddrpageinpcpupendingpgidpidpmemppidpriprsnapstimeputimerergidrgrouprssruidrusersesssigsigmaskslstartstatstatestimesvgidsvuidtdevtimetpgidtsess
tsizttttyucommuidupruserusrpriutimevsizevszwchanwqwqbwqlwqrxstat,17,30506,608,0.0,15504,7568
2026-08-26T01:59:32Z,1787709572,soak-1024-5,76450,14944,1.5,%cpu%memacflagacflgargsblockedcommcommandcpucputimeetimefflagsgidgroupinblkinblockjobcktracektraceplimloginlognamelstartmajfltminfltmsgrcvmsgsndninicenivcswnsignalsnsigsnswap
nvcswnwchanoublkoublockp_rupaddrpageinpcpupendingpgidpidpmemppidpriprsnapstimeputimerergidrgrouprssruidrusersesssigsigmaskslstartstatstatestimesvgidsvuidtdevtimetpgidtsess
tsizttttyucommuidupruserusrpriutimevsizevszwchanwqwqbwqlwqrxstat,17,30506,608,0.0,15552,7190
2026-08-26T02:00:03Z,1787709603,soak-1024-6,76450,14784,1.2,%cpu%memacflagacflgargsblockedcommcommandcpucputimeetimefflagsgidgroupinblkinblockjobcktracektraceplimloginlognamelstartmajfltminfltmsgrcvmsgsndninicenivcswnsignalsnsigsnswap
nvcswnwchanoublkoublockp_rupaddrpageinpcpupendingpgidpidpmemppidpriprsnapstimeputimerergidrgrouprssruidrusersesssigsigmaskslstartstatstatestimesvgidsvuidtdevtimetpgidtsess
tsizttttyucommuidupruserusrpriutimevsizevszwchanwqwqbwqlwqrxstat,17,30506,608,0.0,15392,5051
2026-08-26T02:00:35Z,1787709635,soak-1024-7,76450,14736,1.0,%cpu%memacflagacflgargsblockedcommcommandcpucputimeetimefflagsgidgroupinblkinblockjobcktracektraceplimloginlognamelstartmajfltminfltmsgrcvmsgsndninicenivcswnsignalsnsigsnswap
nvcswnwchanoublkoublockp_rupaddrpageinpcpupendingpgidpidpmemppidpriprsnapstimeputimerergidrgrouprssruidrusersesssigsigmaskslstartstatstatestimesvgidsvuidtdevtimetpgidtsess
tsizttttyucommuidupruserusrpriutimevsizevszwchanwqwqbwqlwqrxstat,17,30506,608,0.0,15344,4373
2026-08-26T02:01:06Z,1787709666,soak-1024-8,76450,14656,1.0,%cpu%memacflagacflgargsblockedcommcommandcpucputimeetimefflagsgidgroupinblkinblockjobcktracektraceplimloginlognamelstartmajfltminfltmsgrcvmsgsndninicenivcswnsignalsnsigsnswap
nvcswnwchanoublkoublockp_rupaddrpageinpcpupendingpgidpidpmemppidpriprsnapstimeputimerergidrgrouprssruidrusersesssigsigmaskslstartstatstatestimesvgidsvuidtdevtimetpgidtsess
tsizttttyucommuidupruserusrpriutimevsizevszwchanwqwqbwqlwqrxstat,17,30506,608,0.0,15264,3742
2026-08-26T02:01:37Z,1787709697,soak-1024-9,76450,14912,1.1,%cpu%memacflagacflgargsblockedcommcommandcpucputimeetimefflagsgidgroupinblkinblockjobcktracektraceplimloginlognamelstartmajfltminfltmsgrcvmsgsndninicenivcswnsignalsnsigsnswap
nvcswnwchanoublkoublockp_rupaddrpageinpcpupendingpgidpidpmemppidpriprsnapstimeputimerergidrgrouprssruidrusersesssigsigmaskslstartstatstatestimesvgidsvuidtdevtimetpgidtsess
tsizttttyucommuidupruserusrpriutimevsizevszwchanwqwqbwqlwqrxstat,17,30506,608,0.0,15520,8105
2026-08-26T02:02:08Z,1787709728,soak-1024-10,76450,14720,1.0,%cpu%memacflagacflgargsblockedcommcommandcpucputimeetimefflagsgidgroupinblkinblockjobcktracektraceplimloginlognamelstartmajfltminfltmsgrcvmsgsndninicenivcswnsignalsnsigsnswap
nvcswnwchanoublkoublockp_rupaddrpageinpcpupendingpgidpidpmemppidpriprsnapstimeputimerergidrgrouprssruidrusersesssigsigmaskslstartstatstatestimesvgidsvuidtdevtimetpgidtsess
tsizttttyucommuidupruserusrpriutimevsizevszwchanwqwqbwqlwqrxstat,17,30506,608,0.0,15328,5868
